ID,Theme,English Message,Armenian Message
1,Motivation & Focus,You are capable of wonderful things.,Դու ունակ ես հրաշալի բաների:
2,Motivation & Focus,Take it one small step at a time.,Առաջ գնա փոքրիկ քայլերով:
3,Motivation & Focus,"Focus on your progress, not perfection.","Կենտրոնացիր քո առաջընթացի, այլ ոչ թե կատարելության վրա:"
4,Motivation & Focus,You have the strength to overcome this challenge.,Դու ուժ ունես հաղթահարելու այս մարտահրավերը:
5,Motivation & Focus,Your efforts are building a beautiful future.,Քո ջանքերը կերտում են գեղեցիկ ապագա:
6,Motivation & Focus,Trust your pace. You are not falling behind.,Վստահիր քո տեմպին: Դու հետ չես մնում:
7,Motivation & Focus,Every tiny bit of effort counts.,Ամեն մի փոքրիկ ջանք հաշվի է առնվում:
8,Motivation & Focus,Give yourself credit for trying your best today.,Գնահատիր ինքդ քեզ այսօր լավագույնս փորձելու համար:
9,Motivation & Focus,"It is okay to pause, as long as you don't give up.","Նորմալ է դադար առնել, քանի դեռ չես հանձնվում:"
10,Motivation & Focus,You bring a unique light to everything you do.,"Դու յուրահատուկ լույս ես բերում այն ամենին, ինչ անում ես:"
11,Motivation & Focus,Your potential is endless.,Քո ներուժն անսահման է:
12,Motivation & Focus,"Keep going, your future self will thank you.","Շարունակիր, քո ապագա եսը շնորհակալություն կհայտնի քեզ:"
13,Motivation & Focus,You are planting seeds for tomorrow's success.,Դու սերմեր ես ցանում վաղվա հաջողության համար:
14,Self-Care,Allow yourself a moment to rest and reset.,Թույլ տուր քեզ մի պահ հանգստանալ և վերականգնվել:
15,Self-Care,Drinking a little water right now could feel really refreshing.,Հիմա մի փոքր ջուր խմելը կարող է շատ թարմացնող լինել:
16,Self-Care,"Stretch softly, listen to what your body needs.","Մեղմորեն ձգվիր, լսիր, թե ինչ է պետք քո մարմնին:"
17,Self-Care,Resting is just as productive as working.,"Հանգստանալը նույնքան արդյունավետ է, որքան աշխատելը:"
18,Self-Care,Make sure you nourish your body with something tasty today.,"Համոզվիր, որ այսօր սնուցում ես մարմինդ որևէ համեղ բանով:"
19,Self-Care,Stepping away from the screen for a minute can work wonders.,Էկրանից մեկ րոպեով կտրվելը կարող է հրաշքներ գործել:
20,Self-Care,Your well-being is your most important project.,Քո բարեկեցությունը քո ամենակարևոր նախագիծն է:
21,Self-Care,Let your shoulders drop and find a comfortable position.,Թուլացրու ուսերդ և գտիր հարմար դիրք:
22,Self-Care,Treat yourself with the same kindness you offer friends.,"Վերաբերվիր քեզ նույն բարությամբ, որը տալիս ես ընկերներիդ:"
23,Self-Care,A warm cup of tea or coffee is waiting to comfort you.,Մի գավաթ տաք թեյը կամ սուրճը սպասում է քեզ հանգստացնելու:
24,Self-Care,Give your eyes a gentle break and look at something green.,Աչքերիդ մեղմ հանգիստ տուր և նայիր ինչ-որ կանաչ բանի:
25,Self-Care,Do one small thing that makes you smile right now.,"Արա մի փոքրիկ բան, որն այս պահին կստիպի քեզ ժպտալ:"
26,Self-Care,"Self-care isn't selfish, it's essential.","Ինքնախնամքը եսասիրություն չէ, այն անհրաժեշտություն է:"
27,Self-Acceptance,"You are entirely enough, exactly as you are.","Դու լիովին բավարար ես այնպես, ինչպես կաս:"
28,Self-Acceptance,"Embrace your unique journey, there is no one else like you.","Ընդունիր քո յուրահատուկ ուղին, ոչ ոք քեզ նման չէ:"
29,Self-Acceptance,Your worth is not measured by your productivity.,Քո արժեքը չի չափվում քո արտադրողականությամբ:
30,Self-Acceptance,It is wonderful to just be yourself.,Հրաշալի է պարզապես լինել ինքդ քեզ պես:
31,Self-Acceptance,Forgive yourself for the mistakes; they help you grow.,"Ներիր քեզ սխալների համար, դրանք օգնում են քեզ աճել:"
32,Self-Acceptance,Your imperfections make you beautifully human.,Քո թերությունները քեզ դարձնում են գեղեցիկ մարդկային:
33,Self-Acceptance,Celebrate the person you are becoming every single day.,"Տոնիր այն մարդուն, ում վերածվում ես ամեն օր:"
34,Self-Acceptance,"You are worthy of love, especially from yourself.","Դու արժանի ես սիրո, հատկապես ինքդ քո կողմից:"
35,Self-Acceptance,Let go of the need to be perfect.,Բաց թող կատարյալ լինելու կարիքը:
36,Self-Acceptance,"You belong right here, exactly where you are.","Քո տեղը հենց այստեղ է, ճիշտ այնտեղ, որտեղ կաս:"
37,Self-Acceptance,You don't need to earn your worth; you are inherently valuable.,"Քեզ պետք չէ վաստակել քո արժեքը, դու ի ծնե արժեքավոր ես:"
38,Self-Acceptance,Speak to yourself like someone you deeply love.,"Խոսիր քեզ հետ այնպես, ինչպես կխոսեիր մեկի հետ, ում խորապես սիրում ես:"
39,Mental Health,"Breathe in peace, breathe out any lingering stress.","Ներշնչիր խաղաղություն, արտաշնչիր կուտակված սթրեսը:"
40,Mental Health,It is completely okay to feel overwhelmed sometimes.,Լիովին նորմալ է երբեմն ծանրաբեռնված զգալը:
41,Mental Health,Be very gentle with your mind today.,Այսօր շատ մեղմ եղիր քո մտքերի հետ:
42,Mental Health,"Your feelings are valid, whatever they may be.","Քո զգացմունքները կարևոր են, անկախ նրանից, թե ինչպիսին են դրանք:"
43,Mental Health,You don't have to have everything figured out right now.,"Պարտադիր չէ, որ հիմա ամեն ինչ պարզած լինես:"
44,Mental Health,Protect your peace; it's okay to say no.,"Պաշտպանիր քո խաղաղությունը, նորմալ է «ոչ» ասելը:"
45,Mental Health,"Healing takes time, and you are doing your best.","Ապաքինումը ժամանակ է պահանջում, և դու անում ես առավելագույնը:"
46,Mental Health,"Take things one day, or even one hour, at a time.","Ամեն ինչ արա օր առ օր, կամ նույնիսկ ժամ առ ժամ:"
47,Mental Health,You are safe right here in this moment.,Այս պահին դու ապահով ես հենց այստեղ:
48,Mental Health,Let your thoughts pass like clouds in the sky.,Թող մտքերդ անցնեն երկնքի ամպերի պես:
49,Mental Health,"It takes courage to keep going, and I am proud of you.","Շարունակելու համար քաջություն է պետք, և ես հպարտանում եմ քեզանով:"
50,Mental Health,Release the tension you are carrying in your body.,"Ազատիր այն լարվածությունը, որը կրում ես մարմնումդ:"
51,Motivation & Focus,Just a gentle reminder: You are capable of wonderful things.,Պարզապես մեղմ հիշեցում՝ Դու ունակ ես հրաշալի բաների:
52,Motivation & Focus,Just a gentle reminder: Take it one small step at a time.,Պարզապես մեղմ հիշեցում՝ Առաջ գնա փոքրիկ քայլերով:
53,Motivation & Focus,"Just a gentle reminder: Focus on your progress, not perfection.","Պարզապես մեղմ հիշեցում՝ Կենտրոնացիր քո առաջընթացի, այլ ոչ թե կատարելության վրա:"
54,Motivation & Focus,Just a gentle reminder: You have the strength to overcome this challenge.,Պարզապես մեղմ հիշեցում՝ Դու ուժ ունես հաղթահարելու այս մարտահրավերը:
55,Motivation & Focus,Just a gentle reminder: Your efforts are building a beautiful future.,Պարզապես մեղմ հիշեցում՝ Քո ջանքերը կերտում են գեղեցիկ ապագա:
56,Motivation & Focus,Just a gentle reminder: Trust your pace. You are not falling behind.,Պարզապես մեղմ հիշեցում՝ Վստահիր քո տեմպին: Դու հետ չես մնում:
57,Motivation & Focus,Just a gentle reminder: Every tiny bit of effort counts.,Պարզապես մեղմ հիշեցում՝ Ամեն մի փոքրիկ ջանք հաշվի է առնվում:
58,Motivation & Focus,Just a gentle reminder: Give yourself credit for trying your best today.,Պարզապես մեղմ հիշեցում՝ Գնահատիր ինքդ քեզ այսօր լավագույնս փորձելու համար:
59,Motivation & Focus,"Just a gentle reminder: It is okay to pause, as long as you don't give up.","Պարզապես մեղմ հիշեցում՝ Նորմալ է դադար առնել, քանի դեռ չես հանձնվում:"
60,Motivation & Focus,Just a gentle reminder: You bring a unique light to everything you do.,"Պարզապես մեղմ հիշեցում՝ Դու յուրահատուկ լույս ես բերում այն ամենին, ինչ անում ես:"
61,Motivation & Focus,Just a gentle reminder: Your potential is endless.,Պարզապես մեղմ հիշեցում՝ Քո ներուժն անսահման է:
62,Motivation & Focus,"Just a gentle reminder: Keep going, your future self will thank you.","Պարզապես մեղմ հիշեցում՝ Շարունակիր, քո ապագա եսը շնորհակալություն կհայտնի քեզ:"
63,Motivation & Focus,Just a gentle reminder: You are planting seeds for tomorrow's success.,Պարզապես մեղմ հիշեցում՝ Դու սերմեր ես ցանում վաղվա հաջողության համար:
64,Self-Care,Just a gentle reminder: Allow yourself a moment to rest and reset.,Պարզապես մեղմ հիշեցում՝ Թույլ տուր քեզ մի պահ հանգստանալ և վերականգնվել:
65,Self-Care,Just a gentle reminder: Drinking a little water right now could feel really refreshing.,Պարզապես մեղմ հիշեցում՝ Հիմա մի փոքր ջուր խմելը կարող է շատ թարմացնող լինել:
66,Self-Care,"Just a gentle reminder: Stretch softly, listen to what your body needs.","Պարզապես մեղմ հիշեցում՝ Մեղմորեն ձգվիր, լսիր, թե ինչ է պետք քո մարմնին:"
67,Self-Care,Just a gentle reminder: Resting is just as productive as working.,"Պարզապես մեղմ հիշեցում՝ Հանգստանալը նույնքան արդյունավետ է, որքան աշխատելը:"
68,Self-Care,Just a gentle reminder: Make sure you nourish your body with something tasty today.,"Պարզապես մեղմ հիշեցում՝ Համոզվիր, որ այսօր սնուցում ես մարմինդ որևէ համեղ բանով:"
69,Self-Care,Just a gentle reminder: Stepping away from the screen for a minute can work wonders.,Պարզապես մեղմ հիշեցում՝ Էկրանից մեկ րոպեով կտրվելը կարող է հրաշքներ գործել:
70,Self-Care,Just a gentle reminder: Your well-being is your most important project.,Պարզապես մեղմ հիշեցում՝ Քո բարեկեցությունը քո ամենակարևոր նախագիծն է:
71,Self-Care,Just a gentle reminder: Let your shoulders drop and find a comfortable position.,Պարզապես մեղմ հիշեցում՝ Թուլացրու ուսերդ և գտիր հարմար դիրք:
72,Self-Care,Just a gentle reminder: Treat yourself with the same kindness you offer friends.,"Պարզապես մեղմ հիշեցում՝ Վերաբերվիր քեզ նույն բարությամբ, որը տալիս ես ընկերներիդ:"
73,Self-Care,Just a gentle reminder: A warm cup of tea or coffee is waiting to comfort you.,Պարզապես մեղմ հիշեցում՝ Մի գավաթ տաք թեյը կամ սուրճը սպասում է քեզ հանգստացնելու:
74,Self-Care,Just a gentle reminder: Give your eyes a gentle break and look at something green.,Պարզապես մեղմ հիշեցում՝ Աչքերիդ մեղմ հանգիստ տուր և նայիր ինչ-որ կանաչ բանի:
75,Self-Care,Just a gentle reminder: Do one small thing that makes you smile right now.,"Պարզապես մեղմ հիշեցում՝ Արա մի փոքրիկ բան, որն այս պահին կստիպի քեզ ժպտալ:"
76,Self-Care,"Just a gentle reminder: Self-care isn't selfish, it's essential.","Պարզապես մեղմ հիշեցում՝ Ինքնախնամքը եսասիրություն չէ, այն անհրաժեշտություն է:"
77,Self-Acceptance,"Just a gentle reminder: You are entirely enough, exactly as you are.","Պարզապես մեղմ հիշեցում՝ Դու լիովին բավարար ես այնպես, ինչպես կաս:"
78,Self-Acceptance,"Just a gentle reminder: Embrace your unique journey, there is no one else like you.","Պարզապես մեղմ հիշեցում՝ Ընդունիր քո յուրահատուկ ուղին, ոչ ոք քեզ նման չէ:"
79,Self-Acceptance,Just a gentle reminder: Your worth is not measured by your productivity.,Պարզապես մեղմ հիշեցում՝ Քո արժեքը չի չափվում քո արտադրողականությամբ:
80,Self-Acceptance,Just a gentle reminder: It is wonderful to just be yourself.,Պարզապես մեղմ հիշեցում՝ Հրաշալի է պարզապես լինել ինքդ քեզ պես:
81,Self-Acceptance,Just a gentle reminder: Forgive yourself for the mistakes; they help you grow.,"Պարզապես մեղմ հիշեցում՝ Ներիր քեզ սխալների համար, դրանք օգնում են քեզ աճել:"
82,Self-Acceptance,Just a gentle reminder: Your imperfections make you beautifully human.,Պարզապես մեղմ հիշեցում՝ Քո թերությունները քեզ դարձնում են գեղեցիկ մարդկային:
83,Self-Acceptance,Just a gentle reminder: Celebrate the person you are becoming every single day.,"Պարզապես մեղմ հիշեցում՝ Տոնիր այն մարդուն, ում վերածվում ես ամեն օր:"
84,Self-Acceptance,"Just a gentle reminder: You are worthy of love, especially from yourself.","Պարզապես մեղմ հիշեցում՝ Դու արժանի ես սիրո, հատկապես ինքդ քո կողմից:"
85,Self-Acceptance,Just a gentle reminder: Let go of the need to be perfect.,Պարզապես մեղմ հիշեցում՝ Բաց թող կատարյալ լինելու կարիքը:
86,Self-Acceptance,"Just a gentle reminder: You belong right here, exactly where you are.","Պարզապես մեղմ հիշեցում՝ Քո տեղը հենց այստեղ է, ճիշտ այնտեղ, որտեղ կաս:"
87,Self-Acceptance,Just a gentle reminder: You don't need to earn your worth; you are inherently valuable.,"Պարզապես մեղմ հիշեցում՝ Քեզ պետք չէ վաստակել քո արժեքը, դու ի ծնե արժեքավոր ես:"
88,Self-Acceptance,Just a gentle reminder: Speak to yourself like someone you deeply love.,"Պարզապես մեղմ հիշեցում՝ Խոսիր քեզ հետ այնպես, ինչպես կխոսեիր մեկի հետ, ում խորապես սիրում ես:"
89,Mental Health,"Just a gentle reminder: Breathe in peace, breathe out any lingering stress.","Պարզապես մեղմ հիշեցում՝ Ներշնչիր խաղաղություն, արտաշնչիր կուտակված սթրեսը:"
90,Mental Health,Just a gentle reminder: It is completely okay to feel overwhelmed sometimes.,Պարզապես մեղմ հիշեցում՝ Լիովին նորմալ է երբեմն ծանրաբեռնված զգալը:
91,Mental Health,Just a gentle reminder: Be very gentle with your mind today.,Պարզապես մեղմ հիշեցում՝ Այսօր շատ մեղմ եղիր քո մտքերի հետ:
92,Mental Health,"Just a gentle reminder: Your feelings are valid, whatever they may be.","Պարզապես մեղմ հիշեցում՝ Քո զգացմունքները կարևոր են, անկախ նրանից, թե ինչպիսին են դրանք:"
93,Mental Health,Just a gentle reminder: You don't have to have everything figured out right now.,"Պարզապես մեղմ հիշեցում՝ Պարտադիր չէ, որ հիմա ամեն ինչ պարզած լինես:"
94,Mental Health,Just a gentle reminder: Protect your peace; it's okay to say no.,"Պարզապես մեղմ հիշեցում՝ Պաշտպանիր քո խաղաղությունը, նորմալ է «ոչ» ասելը:"
95,Mental Health,"Just a gentle reminder: Healing takes time, and you are doing your best.","Պարզապես մեղմ հիշեցում՝ Ապաքինումը ժամանակ է պահանջում, և դու անում ես առավելագույնը:"
96,Mental Health,"Just a gentle reminder: Take things one day, or even one hour, at a time.","Պարզապես մեղմ հիշեցում՝ Ամեն ինչ արա օր առ օր, կամ նույնիսկ ժամ առ ժամ:"
97,Mental Health,Just a gentle reminder: You are safe right here in this moment.,Պարզապես մեղմ հիշեցում՝ Այս պահին դու ապահով ես հենց այստեղ:
98,Mental Health,Just a gentle reminder: Let your thoughts pass like clouds in the sky.,Պարզապես մեղմ հիշեցում՝ Թող մտքերդ անցնեն երկնքի ամպերի պես:
99,Mental Health,"Just a gentle reminder: It takes courage to keep going, and I am proud of you.","Պարզապես մեղմ հիշեցում՝ Շարունակելու համար քաջություն է պետք, և ես հպարտանում եմ քեզանով:"
100,Mental Health,Just a gentle reminder: Release the tension you are carrying in your body.,"Պարզապես մեղմ հիշեցում՝ Ազատիր այն լարվածությունը, որը կրում ես մարմնումդ:"
101,Motivation & Focus,Hey there! You are capable of wonderful things.,Ողջո՜ւյն: Դու ունակ ես հրաշալի բաների:
102,Motivation & Focus,Hey there! Take it one small step at a time.,Ողջո՜ւյն: Առաջ գնա փոքրիկ քայլերով:
103,Motivation & Focus,"Hey there! Focus on your progress, not perfection.","Ողջո՜ւյն: Կենտրոնացիր քո առաջընթացի, այլ ոչ թե կատարելության վրա:"
104,Motivation & Focus,Hey there! You have the strength to overcome this challenge.,Ողջո՜ւյն: Դու ուժ ունես հաղթահարելու այս մարտահրավերը:
105,Motivation & Focus,Hey there! Your efforts are building a beautiful future.,Ողջո՜ւյն: Քո ջանքերը կերտում են գեղեցիկ ապագա:
106,Motivation & Focus,Hey there! Trust your pace. You are not falling behind.,Ողջո՜ւյն: Վստահիր քո տեմպին: Դու հետ չես մնում:
107,Motivation & Focus,Hey there! Every tiny bit of effort counts.,Ողջո՜ւյն: Ամեն մի փոքրիկ ջանք հաշվի է առնվում:
108,Motivation & Focus,Hey there! Give yourself credit for trying your best today.,Ողջո՜ւյն: Գնահատիր ինքդ քեզ այսօր լավագույնս փորձելու համար:
109,Motivation & Focus,"Hey there! It is okay to pause, as long as you don't give up.","Ողջո՜ւյն: Նորմալ է դադար առնել, քանի դեռ չես հանձնվում:"
110,Motivation & Focus,Hey there! You bring a unique light to everything you do.,"Ողջո՜ւյն: Դու յուրահատուկ լույս ես բերում այն ամենին, ինչ անում ես:"
111,Motivation & Focus,Hey there! Your potential is endless.,Ողջո՜ւյն: Քո ներուժն անսահման է:
112,Motivation & Focus,"Hey there! Keep going, your future self will thank you.","Ողջո՜ւյն: Շարունակիր, քո ապագա եսը շնորհակալություն կհայտնի քեզ:"
113,Motivation & Focus,Hey there! You are planting seeds for tomorrow's success.,Ողջո՜ւյն: Դու սերմեր ես ցանում վաղվա հաջողության համար:
114,Self-Care,Hey there! Allow yourself a moment to rest and reset.,Ողջո՜ւյն: Թույլ տուր քեզ մի պահ հանգստանալ և վերականգնվել:
115,Self-Care,Hey there! Drinking a little water right now could feel really refreshing.,Ողջո՜ւյն: Հիմա մի փոքր ջուր խմելը կարող է շատ թարմացնող լինել:
116,Self-Care,"Hey there! Stretch softly, listen to what your body needs.","Ողջո՜ւյն: Մեղմորեն ձգվիր, լսիր, թե ինչ է պետք քո մարմնին:"
117,Self-Care,Hey there! Resting is just as productive as working.,"Ողջո՜ւյն: Հանգստանալը նույնքան արդյունավետ է, որքան աշխատելը:"
118,Self-Care,Hey there! Make sure you nourish your body with something tasty today.,"Ողջո՜ւյն: Համոզվիր, որ այսօր սնուցում ես մարմինդ որևէ համեղ բանով:"
119,Self-Care,Hey there! Stepping away from the screen for a minute can work wonders.,Ողջո՜ւյն: Էկրանից մեկ րոպեով կտրվելը կարող է հրաշքներ գործել:
120,Self-Care,Hey there! Your well-being is your most important project.,Ողջո՜ւյն: Քո բարեկեցությունը քո ամենակարևոր նախագիծն է:
121,Self-Care,Hey there! Let your shoulders drop and find a comfortable position.,Ողջո՜ւյն: Թուլացրու ուսերդ և գտիր հարմար դիրք:
122,Self-Care,Hey there! Treat yourself with the same kindness you offer friends.,"Ողջո՜ւյն: Վերաբերվիր քեզ նույն բարությամբ, որը տալիս ես ընկերներիդ:"
123,Self-Care,Hey there! A warm cup of tea or coffee is waiting to comfort you.,Ողջո՜ւյն: Մի գավաթ տաք թեյը կամ սուրճը սպասում է քեզ հանգստացնելու:
124,Self-Care,Hey there! Give your eyes a gentle break and look at something green.,Ողջո՜ւյն: Աչքերիդ մեղմ հանգիստ տուր և նայիր ինչ-որ կանաչ բանի:
125,Self-Care,Hey there! Do one small thing that makes you smile right now.,"Ողջո՜ւյն: Արա մի փոքրիկ բան, որն այս պահին կստիպի քեզ ժպտալ:"
126,Self-Care,"Hey there! Self-care isn't selfish, it's essential.","Ողջո՜ւյն: Ինքնախնամքը եսասիրություն չէ, այն անհրաժեշտություն է:"
127,Self-Acceptance,"Hey there! You are entirely enough, exactly as you are.","Ողջո՜ւյն: Դու լիովին բավարար ես այնպես, ինչպես կաս:"
128,Self-Acceptance,"Hey there! Embrace your unique journey, there is no one else like you.","Ողջո՜ւյն: Ընդունիր քո յուրահատուկ ուղին, ոչ ոք քեզ նման չէ:"
129,Self-Acceptance,Hey there! Your worth is not measured by your productivity.,Ողջո՜ւյն: Քո արժեքը չի չափվում քո արտադրողականությամբ:
130,Self-Acceptance,Hey there! It is wonderful to just be yourself.,Ողջո՜ւյն: Հրաշալի է պարզապես լինել ինքդ քեզ պես:
131,Self-Acceptance,Hey there! Forgive yourself for the mistakes; they help you grow.,"Ողջո՜ւյն: Ներիր քեզ սխալների համար, դրանք օգնում են քեզ աճել:"
132,Self-Acceptance,Hey there! Your imperfections make you beautifully human.,Ողջո՜ւյն: Քո թերությունները քեզ դարձնում են գեղեցիկ մարդկային:
133,Self-Acceptance,Hey there! Celebrate the person you are becoming every single day.,"Ողջո՜ւյն: Տոնիր այն մարդուն, ում վերածվում ես ամեն օր:"
134,Self-Acceptance,"Hey there! You are worthy of love, especially from yourself.","Ողջո՜ւյն: Դու արժանի ես սիրո, հատկապես ինքդ քո կողմից:"
135,Self-Acceptance,Hey there! Let go of the need to be perfect.,Ողջո՜ւյն: Բաց թող կատարյալ լինելու կարիքը:
136,Self-Acceptance,"Hey there! You belong right here, exactly where you are.","Ողջո՜ւյն: Քո տեղը հենց այստեղ է, ճիշտ այնտեղ, որտեղ կաս:"
137,Self-Acceptance,Hey there! You don't need to earn your worth; you are inherently valuable.,"Ողջո՜ւյն: Քեզ պետք չէ վաստակել քո արժեքը, դու ի ծնե արժեքավոր ես:"
138,Self-Acceptance,Hey there! Speak to yourself like someone you deeply love.,"Ողջո՜ւյն: Խոսիր քեզ հետ այնպես, ինչպես կխոսեիր մեկի հետ, ում խորապես սիրում ես:"
139,Mental Health,"Hey there! Breathe in peace, breathe out any lingering stress.","Ողջո՜ւյն: Ներշնչիր խաղաղություն, արտաշնչիր կուտակված սթրեսը:"
140,Mental Health,Hey there! It is completely okay to feel overwhelmed sometimes.,Ողջո՜ւյն: Լիովին նորմալ է երբեմն ծանրաբեռնված զգալը:
141,Mental Health,Hey there! Be very gentle with your mind today.,Ողջո՜ւյն: Այսօր շատ մեղմ եղիր քո մտքերի հետ:
142,Mental Health,"Hey there! Your feelings are valid, whatever they may be.","Ողջո՜ւյն: Քո զգացմունքները կարևոր են, անկախ նրանից, թե ինչպիսին են դրանք:"
143,Mental Health,Hey there! You don't have to have everything figured out right now.,"Ողջո՜ւյն: Պարտադիր չէ, որ հիմա ամեն ինչ պարզած լինես:"
144,Mental Health,Hey there! Protect your peace; it's okay to say no.,"Ողջո՜ւյն: Պաշտպանիր քո խաղաղությունը, նորմալ է «ոչ» ասելը:"
145,Mental Health,"Hey there! Healing takes time, and you are doing your best.","Ողջո՜ւյն: Ապաքինումը ժամանակ է պահանջում, և դու անում ես առավելագույնը:"
146,Mental Health,"Hey there! Take things one day, or even one hour, at a time.","Ողջո՜ւյն: Ամեն ինչ արա օր առ օր, կամ նույնիսկ ժամ առ ժամ:"
147,Mental Health,Hey there! You are safe right here in this moment.,Ողջո՜ւյն: Այս պահին դու ապահով ես հենց այստեղ:
148,Mental Health,Hey there! Let your thoughts pass like clouds in the sky.,Ողջո՜ւյն: Թող մտքերդ անցնեն երկնքի ամպերի պես:
149,Mental Health,"Hey there! It takes courage to keep going, and I am proud of you.","Ողջո՜ւյն: Շարունակելու համար քաջություն է պետք, և ես հպարտանում եմ քեզանով:"
150,Mental Health,Hey there! Release the tension you are carrying in your body.,"Ողջո՜ւյն: Ազատիր այն լարվածությունը, որը կրում ես մարմնումդ:"
151,Motivation & Focus,Take a moment: You are capable of wonderful things.,Մի պահ տրամադրիր. Դու ունակ ես հրաշալի բաների:
152,Motivation & Focus,Take a moment: Take it one small step at a time.,Մի պահ տրամադրիր. Առաջ գնա փոքրիկ քայլերով:
153,Motivation & Focus,"Take a moment: Focus on your progress, not perfection.","Մի պահ տրամադրիր. Կենտրոնացիր քո առաջընթացի, այլ ոչ թե կատարելության վրա:"
154,Motivation & Focus,Take a moment: You have the strength to overcome this challenge.,Մի պահ տրամադրիր. Դու ուժ ունես հաղթահարելու այս մարտահրավերը:
155,Motivation & Focus,Take a moment: Your efforts are building a beautiful future.,Մի պահ տրամադրիր. Քո ջանքերը կերտում են գեղեցիկ ապագա:
156,Motivation & Focus,Take a moment: Trust your pace. You are not falling behind.,Մի պահ տրամադրիր. Վստահիր քո տեմպին: Դու հետ չես մնում:
157,Motivation & Focus,Take a moment: Every tiny bit of effort counts.,Մի պահ տրամադրիր. Ամեն մի փոքրիկ ջանք հաշվի է առնվում:
158,Motivation & Focus,Take a moment: Give yourself credit for trying your best today.,Մի պահ տրամադրիր. Գնահատիր ինքդ քեզ այսօր լավագույնս փորձելու համար:
159,Motivation & Focus,"Take a moment: It is okay to pause, as long as you don't give up.","Մի պահ տրամադրիր. Նորմալ է դադար առնել, քանի դեռ չես հանձնվում:"
160,Motivation & Focus,Take a moment: You bring a unique light to everything you do.,"Մի պահ տրամադրիր. Դու յուրահատուկ լույս ես բերում այն ամենին, ինչ անում ես:"
161,Motivation & Focus,Take a moment: Your potential is endless.,Մի պահ տրամադրիր. Քո ներուժն անսահման է:
162,Motivation & Focus,"Take a moment: Keep going, your future self will thank you.","Մի պահ տրամադրիր. Շարունակիր, քո ապագա եսը շնորհակալություն կհայտնի քեզ:"
163,Motivation & Focus,Take a moment: You are planting seeds for tomorrow's success.,Մի պահ տրամադրիր. Դու սերմեր ես ցանում վաղվա հաջողության համար:
164,Self-Care,Take a moment: Allow yourself a moment to rest and reset.,Մի պահ տրամադրիր. Թույլ տուր քեզ մի պահ հանգստանալ և վերականգնվել:
165,Self-Care,Take a moment: Drinking a little water right now could feel really refreshing.,Մի պահ տրամադրիր. Հիմա մի փոքր ջուր խմելը կարող է շատ թարմացնող լինել:
166,Self-Care,"Take a moment: Stretch softly, listen to what your body needs.","Մի պահ տրամադրիր. Մեղմորեն ձգվիր, լսիր, թե ինչ է պետք քո մարմնին:"
167,Self-Care,Take a moment: Resting is just as productive as working.,"Մի պահ տրամադրիր. Հանգստանալը նույնքան արդյունավետ է, որքան աշխատելը:"
168,Self-Care,Take a moment: Make sure you nourish your body with something tasty today.,"Մի պահ տրամադրիր. Համոզվիր, որ այսօր սնուցում ես մարմինդ որևէ համեղ բանով:"
169,Self-Care,Take a moment: Stepping away from the screen for a minute can work wonders.,Մի պահ տրամադրիր. Էկրանից մեկ րոպեով կտրվելը կարող է հրաշքներ գործել:
170,Self-Care,Take a moment: Your well-being is your most important project.,Մի պահ տրամադրիր. Քո բարեկեցությունը քո ամենակարևոր նախագիծն է:
171,Self-Care,Take a moment: Let your shoulders drop and find a comfortable position.,Մի պահ տրամադրիր. Թուլացրու ուսերդ և գտիր հարմար դիրք:
172,Self-Care,Take a moment: Treat yourself with the same kindness you offer friends.,"Մի պահ տրամադրիր. Վերաբերվիր քեզ նույն բարությամբ, որը տալիս ես ընկերներիդ:"
173,Self-Care,Take a moment: A warm cup of tea or coffee is waiting to comfort you.,Մի պահ տրամադրիր. Մի գավաթ տաք թեյը կամ սուրճը սպասում է քեզ հանգստացնելու:
174,Self-Care,Take a moment: Give your eyes a gentle break and look at something green.,Մի պահ տրամադրիր. Աչքերիդ մեղմ հանգիստ տուր և նայիր ինչ-որ կանաչ բանի:
175,Self-Care,Take a moment: Do one small thing that makes you smile right now.,"Մի պահ տրամադրիր. Արա մի փոքրիկ բան, որն այս պահին կստիպի քեզ ժպտալ:"
176,Self-Care,"Take a moment: Self-care isn't selfish, it's essential.","Մի պահ տրամադրիր. Ինքնախնամքը եսասիրություն չէ, այն անհրաժեշտություն է:"
177,Self-Acceptance,"Take a moment: You are entirely enough, exactly as you are.","Մի պահ տրամադրիր. Դու լիովին բավարար ես այնպես, ինչպես կաս:"
178,Self-Acceptance,"Take a moment: Embrace your unique journey, there is no one else like you.","Մի պահ տրամադրիր. Ընդունիր քո յուրահատուկ ուղին, ոչ ոք քեզ նման չէ:"
179,Self-Acceptance,Take a moment: Your worth is not measured by your productivity.,Մի պահ տրամադրիր. Քո արժեքը չի չափվում քո արտադրողականությամբ:
180,Self-Acceptance,Take a moment: It is wonderful to just be yourself.,Մի պահ տրամադրիր. Հրաշալի է պարզապես լինել ինքդ քեզ պես:
181,Self-Acceptance,Take a moment: Forgive yourself for the mistakes; they help you grow.,"Մի պահ տրամադրիր. Ներիր քեզ սխալների համար, դրանք օգնում են քեզ աճել:"
182,Self-Acceptance,Take a moment: Your imperfections make you beautifully human.,Մի պահ տրամադրիր. Քո թերությունները քեզ դարձնում են գեղեցիկ մարդկային:
183,Self-Acceptance,Take a moment: Celebrate the person you are becoming every single day.,"Մի պահ տրամադրիր. Տոնիր այն մարդուն, ում վերածվում ես ամեն օր:"
184,Self-Acceptance,"Take a moment: You are worthy of love, especially from yourself.","Մի պահ տրամադրիր. Դու արժանի ես սիրո, հատկապես ինքդ քո կողմից:"
185,Self-Acceptance,Take a moment: Let go of the need to be perfect.,Մի պահ տրամադրիր. Բաց թող կատարյալ լինելու կարիքը:
186,Self-Acceptance,"Take a moment: You belong right here, exactly where you are.","Մի պահ տրամադրիր. Քո տեղը հենց այստեղ է, ճիշտ այնտեղ, որտեղ կաս:"
187,Self-Acceptance,Take a moment: You don't need to earn your worth; you are inherently valuable.,"Մի պահ տրամադրիր. Քեզ պետք չէ վաստակել քո արժեքը, դու ի ծնե արժեքավոր ես:"
188,Self-Acceptance,Take a moment: Speak to yourself like someone you deeply love.,"Մի պահ տրամադրիր. Խոսիր քեզ հետ այնպես, ինչպես կխոսեիր մեկի հետ, ում խորապես սիրում ես:"
189,Mental Health,"Take a moment: Breathe in peace, breathe out any lingering stress.","Մի պահ տրամադրիր. Ներշնչիր խաղաղություն, արտաշնչիր կուտակված սթրեսը:"
190,Mental Health,Take a moment: It is completely okay to feel overwhelmed sometimes.,Մի պահ տրամադրիր. Լիովին նորմալ է երբեմն ծանրաբեռնված զգալը:
191,Mental Health,Take a moment: Be very gentle with your mind today.,Մի պահ տրամադրիր. Այսօր շատ մեղմ եղիր քո մտքերի հետ:
192,Mental Health,"Take a moment: Your feelings are valid, whatever they may be.","Մի պահ տրամադրիր. Քո զգացմունքները կարևոր են, անկախ նրանից, թե ինչպիսին են դրանք:"
193,Mental Health,Take a moment: You don't have to have everything figured out right now.,"Մի պահ տրամադրիր. Պարտադիր չէ, որ հիմա ամեն ինչ պարզած լինես:"
194,Mental Health,Take a moment: Protect your peace; it's okay to say no.,"Մի պահ տրամադրիր. Պաշտպանիր քո խաղաղությունը, նորմալ է «ոչ» ասելը:"
195,Mental Health,"Take a moment: Healing takes time, and you are doing your best.","Մի պահ տրամադրիր. Ապաքինումը ժամանակ է պահանջում, և դու անում ես առավելագույնը:"
196,Mental Health,"Take a moment: Take things one day, or even one hour, at a time.","Մի պահ տրամադրիր. Ամեն ինչ արա օր առ օր, կամ նույնիսկ ժամ առ ժամ:"
197,Mental Health,Take a moment: You are safe right here in this moment.,Մի պահ տրամադրիր. Այս պահին դու ապահով ես հենց այստեղ:
198,Mental Health,Take a moment: Let your thoughts pass like clouds in the sky.,Մի պահ տրամադրիր. Թող մտքերդ անցնեն երկնքի ամպերի պես:
199,Mental Health,"Take a moment: It takes courage to keep going, and I am proud of you.","Մի պահ տրամադրիր. Շարունակելու համար քաջություն է պետք, և ես հպարտանում եմ քեզանով:"
200,Mental Health,Take a moment: Release the tension you are carrying in your body.,"Մի պահ տրամադրիր. Ազատիր այն լարվածությունը, որը կրում ես մարմնումդ:"
201,Motivation & Focus,"Dear you, You are capable of wonderful things.","Սիրելիս, Դու ունակ ես հրաշալի բաների:"
202,Motivation & Focus,"Dear you, Take it one small step at a time.","Սիրելիս, Առաջ գնա փոքրիկ քայլերով:"
203,Motivation & Focus,"Dear you, Focus on your progress, not perfection.","Սիրելիս, Կենտրոնացիր քո առաջընթացի, այլ ոչ թե կատարելության վրա:"
204,Motivation & Focus,"Dear you, You have the strength to overcome this challenge.","Սիրելիս, Դու ուժ ունես հաղթահարելու այս մարտահրավերը:"
205,Motivation & Focus,"Dear you, Your efforts are building a beautiful future.","Սիրելիս, Քո ջանքերը կերտում են գեղեցիկ ապագա:"
206,Motivation & Focus,"Dear you, Trust your pace. You are not falling behind.","Սիրելիս, Վստահիր քո տեմպին: Դու հետ չես մնում:"
207,Motivation & Focus,"Dear you, Every tiny bit of effort counts.","Սիրելիս, Ամեն մի փոքրիկ ջանք հաշվի է առնվում:"
208,Motivation & Focus,"Dear you, Give yourself credit for trying your best today.","Սիրելիս, Գնահատիր ինքդ քեզ այսօր լավագույնս փորձելու համար:"
209,Motivation & Focus,"Dear you, It is okay to pause, as long as you don't give up.","Սիրելիս, Նորմալ է դադար առնել, քանի դեռ չես հանձնվում:"
210,Motivation & Focus,"Dear you, You bring a unique light to everything you do.","Սիրելիս, Դու յուրահատուկ լույս ես բերում այն ամենին, ինչ անում ես:"
211,Motivation & Focus,"Dear you, Your potential is endless.","Սիրելիս, Քո ներուժն անսահման է:"
212,Motivation & Focus,"Dear you, Keep going, your future self will thank you.","Սիրելիս, Շարունակիր, քո ապագա եսը շնորհակալություն կհայտնի քեզ:"
213,Motivation & Focus,"Dear you, You are planting seeds for tomorrow's success.","Սիրելիս, Դու սերմեր ես ցանում վաղվա հաջողության համար:"
214,Self-Care,"Dear you, Allow yourself a moment to rest and reset.","Սիրելիս, Թույլ տուր քեզ մի պահ հանգստանալ և վերականգնվել:"
215,Self-Care,"Dear you, Drinking a little water right now could feel really refreshing.","Սիրելիս, Հիմա մի փոքր ջուր խմելը կարող է շատ թարմացնող լինել:"
216,Self-Care,"Dear you, Stretch softly, listen to what your body needs.","Սիրելիս, Մեղմորեն ձգվիր, լսիր, թե ինչ է պետք քո մարմնին:"
217,Self-Care,"Dear you, Resting is just as productive as working.","Սիրելիս, Հանգստանալը նույնքան արդյունավետ է, որքան աշխատելը:"
218,Self-Care,"Dear you, Make sure you nourish your body with something tasty today.","Սիրելիս, Համոզվիր, որ այսօր սնուցում ես մարմինդ որևէ համեղ բանով:"
219,Self-Care,"Dear you, Stepping away from the screen for a minute can work wonders.","Սիրելիս, Էկրանից մեկ րոպեով կտրվելը կարող է հրաշքներ գործել:"
220,Self-Care,"Dear you, Your well-being is your most important project.","Սիրելիս, Քո բարեկեցությունը քո ամենակարևոր նախագիծն է:"
221,Self-Care,"Dear you, Let your shoulders drop and find a comfortable position.","Սիրելիս, Թուլացրու ուսերդ և գտիր հարմար դիրք:"
222,Self-Care,"Dear you, Treat yourself with the same kindness you offer friends.","Սիրելիս, Վերաբերվիր քեզ նույն բարությամբ, որը տալիս ես ընկերներիդ:"
223,Self-Care,"Dear you, A warm cup of tea or coffee is waiting to comfort you.","Սիրելիս, Մի գավաթ տաք թեյը կամ սուրճը սպասում է քեզ հանգստացնելու:"
224,Self-Care,"Dear you, Give your eyes a gentle break and look at something green.","Սիրելիս, Աչքերիդ մեղմ հանգիստ տուր և նայիր ինչ-որ կանաչ բանի:"
225,Self-Care,"Dear you, Do one small thing that makes you smile right now.","Սիրելիս, Արա մի փոքրիկ բան, որն այս պահին կստիպի քեզ ժպտալ:"
226,Self-Care,"Dear you, Self-care isn't selfish, it's essential.","Սիրելիս, Ինքնախնամքը եսասիրություն չէ, այն անհրաժեշտություն է:"
227,Self-Acceptance,"Dear you, You are entirely enough, exactly as you are.","Սիրելիս, Դու լիովին բավարար ես այնպես, ինչպես կաս:"
228,Self-Acceptance,"Dear you, Embrace your unique journey, there is no one else like you.","Սիրելիս, Ընդունիր քո յուրահատուկ ուղին, ոչ ոք քեզ նման չէ:"
229,Self-Acceptance,"Dear you, Your worth is not measured by your productivity.","Սիրելիս, Քո արժեքը չի չափվում քո արտադրողականությամբ:"
230,Self-Acceptance,"Dear you, It is wonderful to just be yourself.","Սիրելիս, Հրաշալի է պարզապես լինել ինքդ քեզ պես:"
231,Self-Acceptance,"Dear you, Forgive yourself for the mistakes; they help you grow.","Սիրելիս, Ներիր քեզ սխալների համար, դրանք օգնում են քեզ աճել:"
232,Self-Acceptance,"Dear you, Your imperfections make you beautifully human.","Սիրելիս, Քո թերությունները քեզ դարձնում են գեղեցիկ մարդկային:"
233,Self-Acceptance,"Dear you, Celebrate the person you are becoming every single day.","Սիրելիս, Տոնիր այն մարդուն, ում վերածվում ես ամեն օր:"
234,Self-Acceptance,"Dear you, You are worthy of love, especially from yourself.","Սիրելիս, Դու արժանի ես սիրո, հատկապես ինքդ քո կողմից:"
235,Self-Acceptance,"Dear you, Let go of the need to be perfect.","Սիրելիս, Բաց թող կատարյալ լինելու կարիքը:"
236,Self-Acceptance,"Dear you, You belong right here, exactly where you are.","Սիրելիս, Քո տեղը հենց այստեղ է, ճիշտ այնտեղ, որտեղ կաս:"
237,Self-Acceptance,"Dear you, You don't need to earn your worth; you are inherently valuable.","Սիրելիս, Քեզ պետք չէ վաստակել քո արժեքը, դու ի ծնե արժեքավոր ես:"
238,Self-Acceptance,"Dear you, Speak to yourself like someone you deeply love.","Սիրելիս, Խոսիր քեզ հետ այնպես, ինչպես կխոսեիր մեկի հետ, ում խորապես սիրում ես:"
239,Mental Health,"Dear you, Breathe in peace, breathe out any lingering stress.","Սիրելիս, Ներշնչիր խաղաղություն, արտաշնչիր կուտակված սթրեսը:"
240,Mental Health,"Dear you, It is completely okay to feel overwhelmed sometimes.","Սիրելիս, Լիովին նորմալ է երբեմն ծանրաբեռնված զգալը:"
241,Mental Health,"Dear you, Be very gentle with your mind today.","Սիրելիս, Այսօր շատ մեղմ եղիր քո մտքերի հետ:"
242,Mental Health,"Dear you, Your feelings are valid, whatever they may be.","Սիրելիս, Քո զգացմունքները կարևոր են, անկախ նրանից, թե ինչպիսին են դրանք:"
243,Mental Health,"Dear you, You don't have to have everything figured out right now.","Սիրելիս, Պարտադիր չէ, որ հիմա ամեն ինչ պարզած լինես:"
244,Mental Health,"Dear you, Protect your peace; it's okay to say no.","Սիրելիս, Պաշտպանիր քո խաղաղությունը, նորմալ է «ոչ» ասելը:"
245,Mental Health,"Dear you, Healing takes time, and you are doing your best.","Սիրելիս, Ապաքինումը ժամանակ է պահանջում, և դու անում ես առավելագույնը:"
246,Mental Health,"Dear you, Take things one day, or even one hour, at a time.","Սիրելիս, Ամեն ինչ արա օր առ օր, կամ նույնիսկ ժամ առ ժամ:"
247,Mental Health,"Dear you, You are safe right here in this moment.","Սիրելիս, Այս պահին դու ապահով ես հենց այստեղ:"
248,Mental Health,"Dear you, Let your thoughts pass like clouds in the sky.","Սիրելիս, Թող մտքերդ անցնեն երկնքի ամպերի պես:"
249,Mental Health,"Dear you, It takes courage to keep going, and I am proud of you.","Սիրելիս, Շարունակելու համար քաջություն է պետք, և ես հպարտանում եմ քեզանով:"
250,Mental Health,"Dear you, Release the tension you are carrying in your body.","Սիրելիս, Ազատիր այն լարվածությունը, որը կրում ես մարմնումդ:"
251,Motivation & Focus,"Whenever you are ready, You are capable of wonderful things.",Երբ պատրաստ լինես՝ Դու ունակ ես հրաշալի բաների:
252,Motivation & Focus,"Whenever you are ready, Take it one small step at a time.",Երբ պատրաստ լինես՝ Առաջ գնա փոքրիկ քայլերով:
253,Motivation & Focus,"Whenever you are ready, Focus on your progress, not perfection.","Երբ պատրաստ լինես՝ Կենտրոնացիր քո առաջընթացի, այլ ոչ թե կատարելության վրա:"
254,Motivation & Focus,"Whenever you are ready, You have the strength to overcome this challenge.",Երբ պատրաստ լինես՝ Դու ուժ ունես հաղթահարելու այս մարտահրավերը:
255,Motivation & Focus,"Whenever you are ready, Your efforts are building a beautiful future.",Երբ պատրաստ լինես՝ Քո ջանքերը կերտում են գեղեցիկ ապագա:
256,Motivation & Focus,"Whenever you are ready, Trust your pace. You are not falling behind.",Երբ պատրաստ լինես՝ Վստահիր քո տեմպին: Դու հետ չես մնում:
257,Motivation & Focus,"Whenever you are ready, Every tiny bit of effort counts.",Երբ պատրաստ լինես՝ Ամեն մի փոքրիկ ջանք հաշվի է առնվում:
258,Motivation & Focus,"Whenever you are ready, Give yourself credit for trying your best today.",Երբ պատրաստ լինես՝ Գնահատիր ինքդ քեզ այսօր լավագույնս փորձելու համար:
259,Motivation & Focus,"Whenever you are ready, It is okay to pause, as long as you don't give up.","Երբ պատրաստ լինես՝ Նորմալ է դադար առնել, քանի դեռ չես հանձնվում:"
260,Motivation & Focus,"Whenever you are ready, You bring a unique light to everything you do.","Երբ պատրաստ լինես՝ Դու յուրահատուկ լույս ես բերում այն ամենին, ինչ անում ես:"
261,Motivation & Focus,"Whenever you are ready, Your potential is endless.",Երբ պատրաստ լինես՝ Քո ներուժն անսահման է:
262,Motivation & Focus,"Whenever you are ready, Keep going, your future self will thank you.","Երբ պատրաստ լինես՝ Շարունակիր, քո ապագա եսը շնորհակալություն կհայտնի քեզ:"
263,Motivation & Focus,"Whenever you are ready, You are planting seeds for tomorrow's success.",Երբ պատրաստ լինես՝ Դու սերմեր ես ցանում վաղվա հաջողության համար:
264,Self-Care,"Whenever you are ready, Allow yourself a moment to rest and reset.",Երբ պատրաստ լինես՝ Թույլ տուր քեզ մի պահ հանգստանալ և վերականգնվել:
265,Self-Care,"Whenever you are ready, Drinking a little water right now could feel really refreshing.",Երբ պատրաստ լինես՝ Հիմա մի փոքր ջուր խմելը կարող է շատ թարմացնող լինել:
266,Self-Care,"Whenever you are ready, Stretch softly, listen to what your body needs.","Երբ պատրաստ լինես՝ Մեղմորեն ձգվիր, լսիր, թե ինչ է պետք քո մարմնին:"
267,Self-Care,"Whenever you are ready, Resting is just as productive as working.","Երբ պատրաստ լինես՝ Հանգստանալը նույնքան արդյունավետ է, որքան աշխատելը:"
268,Self-Care,"Whenever you are ready, Make sure you nourish your body with something tasty today.","Երբ պատրաստ լինես՝ Համոզվիր, որ այսօր սնուցում ես մարմինդ որևէ համեղ բանով:"
269,Self-Care,"Whenever you are ready, Stepping away from the screen for a minute can work wonders.",Երբ պատրաստ լինես՝ Էկրանից մեկ րոպեով կտրվելը կարող է հրաշքներ գործել:
270,Self-Care,"Whenever you are ready, Your well-being is your most important project.",Երբ պատրաստ լինես՝ Քո բարեկեցությունը քո ամենակարևոր նախագիծն է:
271,Self-Care,"Whenever you are ready, Let your shoulders drop and find a comfortable position.",Երբ պատրաստ լինես՝ Թուլացրու ուսերդ և գտիր հարմար դիրք:
272,Self-Care,"Whenever you are ready, Treat yourself with the same kindness you offer friends.","Երբ պատրաստ լինես՝ Վերաբերվիր քեզ նույն բարությամբ, որը տալիս ես ընկերներիդ:"
273,Self-Care,"Whenever you are ready, A warm cup of tea or coffee is waiting to comfort you.",Երբ պատրաստ լինես՝ Մի գավաթ տաք թեյը կամ սուրճը սպասում է քեզ հանգստացնելու:
274,Self-Care,"Whenever you are ready, Give your eyes a gentle break and look at something green.",Երբ պատրաստ լինես՝ Աչքերիդ մեղմ հանգիստ տուր և նայիր ինչ-որ կանաչ բանի:
275,Self-Care,"Whenever you are ready, Do one small thing that makes you smile right now.","Երբ պատրաստ լինես՝ Արա մի փոքրիկ բան, որն այս պահին կստիպի քեզ ժպտալ:"
276,Self-Care,"Whenever you are ready, Self-care isn't selfish, it's essential.","Երբ պատրաստ լինես՝ Ինքնախնամքը եսասիրություն չէ, այն անհրաժեշտություն է:"
277,Self-Acceptance,"Whenever you are ready, You are entirely enough, exactly as you are.","Երբ պատրաստ լինես՝ Դու լիովին բավարար ես այնպես, ինչպես կաս:"
278,Self-Acceptance,"Whenever you are ready, Embrace your unique journey, there is no one else like you.","Երբ պատրաստ լինես՝ Ընդունիր քո յուրահատուկ ուղին, ոչ ոք քեզ նման չէ:"
279,Self-Acceptance,"Whenever you are ready, Your worth is not measured by your productivity.",Երբ պատրաստ լինես՝ Քո արժեքը չի չափվում քո արտադրողականությամբ:
280,Self-Acceptance,"Whenever you are ready, It is wonderful to just be yourself.",Երբ պատրաստ լինես՝ Հրաշալի է պարզապես լինել ինքդ քեզ պես:
281,Self-Acceptance,"Whenever you are ready, Forgive yourself for the mistakes; they help you grow.","Երբ պատրաստ լինես՝ Ներիր քեզ սխալների համար, դրանք օգնում են քեզ աճել:"
282,Self-Acceptance,"Whenever you are ready, Your imperfections make you beautifully human.",Երբ պատրաստ լինես՝ Քո թերությունները քեզ դարձնում են գեղեցիկ մարդկային:
283,Self-Acceptance,"Whenever you are ready, Celebrate the person you are becoming every single day.","Երբ պատրաստ լինես՝ Տոնիր այն մարդուն, ում վերածվում ես ամեն օր:"
284,Self-Acceptance,"Whenever you are ready, You are worthy of love, especially from yourself.","Երբ պատրաստ լինես՝ Դու արժանի ես սիրո, հատկապես ինքդ քո կողմից:"
285,Self-Acceptance,"Whenever you are ready, Let go of the need to be perfect.",Երբ պատրաստ լինես՝ Բաց թող կատարյալ լինելու կարիքը:
286,Self-Acceptance,"Whenever you are ready, You belong right here, exactly where you are.","Երբ պատրաստ լինես՝ Քո տեղը հենց այստեղ է, ճիշտ այնտեղ, որտեղ կաս:"
287,Self-Acceptance,"Whenever you are ready, You don't need to earn your worth; you are inherently valuable.","Երբ պատրաստ լինես՝ Քեզ պետք չէ վաստակել քո արժեքը, դու ի ծնե արժեքավոր ես:"
288,Self-Acceptance,"Whenever you are ready, Speak to yourself like someone you deeply love.","Երբ պատրաստ լինես՝ Խոսիր քեզ հետ այնպես, ինչպես կխոսեիր մեկի հետ, ում խորապես սիրում ես:"
289,Mental Health,"Whenever you are ready, Breathe in peace, breathe out any lingering stress.","Երբ պատրաստ լինես՝ Ներշնչիր խաղաղություն, արտաշնչիր կուտակված սթրեսը:"
290,Mental Health,"Whenever you are ready, It is completely okay to feel overwhelmed sometimes.",Երբ պատրաստ լինես՝ Լիովին նորմալ է երբեմն ծանրաբեռնված զգալը:
291,Mental Health,"Whenever you are ready, Be very gentle with your mind today.",Երբ պատրաստ լինես՝ Այսօր շատ մեղմ եղիր քո մտքերի հետ:
292,Mental Health,"Whenever you are ready, Your feelings are valid, whatever they may be.","Երբ պատրաստ լինես՝ Քո զգացմունքները կարևոր են, անկախ նրանից, թե ինչպիսին են դրանք:"
293,Mental Health,"Whenever you are ready, You don't have to have everything figured out right now.","Երբ պատրաստ լինես՝ Պարտադիր չէ, որ հիմա ամեն ինչ պարզած լինես:"
294,Mental Health,"Whenever you are ready, Protect your peace; it's okay to say no.","Երբ պատրաստ լինես՝ Պաշտպանիր քո խաղաղությունը, նորմալ է «ոչ» ասելը:"
295,Mental Health,"Whenever you are ready, Healing takes time, and you are doing your best.","Երբ պատրաստ լինես՝ Ապաքինումը ժամանակ է պահանջում, և դու անում ես առավելագույնը:"
296,Mental Health,"Whenever you are ready, Take things one day, or even one hour, at a time.","Երբ պատրաստ լինես՝ Ամեն ինչ արա օր առ օր, կամ նույնիսկ ժամ առ ժամ:"
297,Mental Health,"Whenever you are ready, You are safe right here in this moment.",Երբ պատրաստ լինես՝ Այս պահին դու ապահով ես հենց այստեղ:
298,Mental Health,"Whenever you are ready, Let your thoughts pass like clouds in the sky.",Երբ պատրաստ լինես՝ Թող մտքերդ անցնեն երկնքի ամպերի պես:
299,Mental Health,"Whenever you are ready, It takes courage to keep going, and I am proud of you.","Երբ պատրաստ լինես՝ Շարունակելու համար քաջություն է պետք, և ես հպարտանում եմ քեզանով:"
300,Mental Health,"Whenever you are ready, Release the tension you are carrying in your body.","Երբ պատրաստ լինես՝ Ազատիր այն լարվածությունը, որը կրում ես մարմնումդ:"
301,Motivation & Focus,"Please remember, You are capable of wonderful things.",Խնդրում եմ հիշել՝ Դու ունակ ես հրաշալի բաների:
302,Motivation & Focus,"Please remember, Take it one small step at a time.",Խնդրում եմ հիշել՝ Առաջ գնա փոքրիկ քայլերով:
303,Motivation & Focus,"Please remember, Focus on your progress, not perfection.","Խնդրում եմ հիշել՝ Կենտրոնացիր քո առաջընթացի, այլ ոչ թե կատարելության վրա:"
304,Motivation & Focus,"Please remember, You have the strength to overcome this challenge.",Խնդրում եմ հիշել՝ Դու ուժ ունես հաղթահարելու այս մարտահրավերը:
305,Motivation & Focus,"Please remember, Your efforts are building a beautiful future.",Խնդրում եմ հիշել՝ Քո ջանքերը կերտում են գեղեցիկ ապագա:
306,Motivation & Focus,"Please remember, Trust your pace. You are not falling behind.",Խնդրում եմ հիշել՝ Վստահիր քո տեմպին: Դու հետ չես մնում:
307,Motivation & Focus,"Please remember, Every tiny bit of effort counts.",Խնդրում եմ հիշել՝ Ամեն մի փոքրիկ ջանք հաշվի է առնվում:
308,Motivation & Focus,"Please remember, Give yourself credit for trying your best today.",Խնդրում եմ հիշել՝ Գնահատիր ինքդ քեզ այսօր լավագույնս փորձելու համար:
309,Motivation & Focus,"Please remember, It is okay to pause, as long as you don't give up.","Խնդրում եմ հիշել՝ Նորմալ է դադար առնել, քանի դեռ չես հանձնվում:"
310,Motivation & Focus,"Please remember, You bring a unique light to everything you do.","Խնդրում եմ հիշել՝ Դու յուրահատուկ լույս ես բերում այն ամենին, ինչ անում ես:"
311,Motivation & Focus,"Please remember, Your potential is endless.",Խնդրում եմ հիշել՝ Քո ներուժն անսահման է:
312,Motivation & Focus,"Please remember, Keep going, your future self will thank you.","Խնդրում եմ հիշել՝ Շարունակիր, քո ապագա եսը շնորհակալություն կհայտնի քեզ:"
313,Motivation & Focus,"Please remember, You are planting seeds for tomorrow's success.",Խնդրում եմ հիշել՝ Դու սերմեր ես ցանում վաղվա հաջողության համար:
314,Self-Care,"Please remember, Allow yourself a moment to rest and reset.",Խնդրում եմ հիշել՝ Թույլ տուր քեզ մի պահ հանգստանալ և վերականգնվել:
315,Self-Care,"Please remember, Drinking a little water right now could feel really refreshing.",Խնդրում եմ հիշել՝ Հիմա մի փոքր ջուր խմելը կարող է շատ թարմացնող լինել:
316,Self-Care,"Please remember, Stretch softly, listen to what your body needs.","Խնդրում եմ հիշել՝ Մեղմորեն ձգվիր, լսիր, թե ինչ է պետք քո մարմնին:"
317,Self-Care,"Please remember, Resting is just as productive as working.","Խնդրում եմ հիշել՝ Հանգստանալը նույնքան արդյունավետ է, որքան աշխատելը:"
318,Self-Care,"Please remember, Make sure you nourish your body with something tasty today.","Խնդրում եմ հիշել՝ Համոզվիր, որ այսօր սնուցում ես մարմինդ որևէ համեղ բանով:"
319,Self-Care,"Please remember, Stepping away from the screen for a minute can work wonders.",Խնդրում եմ հիշել՝ Էկրանից մեկ րոպեով կտրվելը կարող է հրաշքներ գործել:
320,Self-Care,"Please remember, Your well-being is your most important project.",Խնդրում եմ հիշել՝ Քո բարեկեցությունը քո ամենակարևոր նախագիծն է:
321,Self-Care,"Please remember, Let your shoulders drop and find a comfortable position.",Խնդրում եմ հիշել՝ Թուլացրու ուսերդ և գտիր հարմար դիրք:
322,Self-Care,"Please remember, Treat yourself with the same kindness you offer friends.","Խնդրում եմ հիշել՝ Վերաբերվիր քեզ նույն բարությամբ, որը տալիս ես ընկերներիդ:"
323,Self-Care,"Please remember, A warm cup of tea or coffee is waiting to comfort you.",Խնդրում եմ հիշել՝ Մի գավաթ տաք թեյը կամ սուրճը սպասում է քեզ հանգստացնելու:
324,Self-Care,"Please remember, Give your eyes a gentle break and look at something green.",Խնդրում եմ հիշել՝ Աչքերիդ մեղմ հանգիստ տուր և նայիր ինչ-որ կանաչ բանի:
325,Self-Care,"Please remember, Do one small thing that makes you smile right now.","Խնդրում եմ հիշել՝ Արա մի փոքրիկ բան, որն այս պահին կստիպի քեզ ժպտալ:"
326,Self-Care,"Please remember, Self-care isn't selfish, it's essential.","Խնդրում եմ հիշել՝ Ինքնախնամքը եսասիրություն չէ, այն անհրաժեշտություն է:"
327,Self-Acceptance,"Please remember, You are entirely enough, exactly as you are.","Խնդրում եմ հիշել՝ Դու լիովին բավարար ես այնպես, ինչպես կաս:"
328,Self-Acceptance,"Please remember, Embrace your unique journey, there is no one else like you.","Խնդրում եմ հիշել՝ Ընդունիր քո յուրահատուկ ուղին, ոչ ոք քեզ նման չէ:"
329,Self-Acceptance,"Please remember, Your worth is not measured by your productivity.",Խնդրում եմ հիշել՝ Քո արժեքը չի չափվում քո արտադրողականությամբ:
330,Self-Acceptance,"Please remember, It is wonderful to just be yourself.",Խնդրում եմ հիշել՝ Հրաշալի է պարզապես լինել ինքդ քեզ պես:
331,Self-Acceptance,"Please remember, Forgive yourself for the mistakes; they help you grow.","Խնդրում եմ հիշել՝ Ներիր քեզ սխալների համար, դրանք օգնում են քեզ աճել:"
332,Self-Acceptance,"Please remember, Your imperfections make you beautifully human.",Խնդրում եմ հիշել՝ Քո թերությունները քեզ դարձնում են գեղեցիկ մարդկային:
333,Self-Acceptance,"Please remember, Celebrate the person you are becoming every single day.","Խնդրում եմ հիշել՝ Տոնիր այն մարդուն, ում վերածվում ես ամեն օր:"
334,Self-Acceptance,"Please remember, You are worthy of love, especially from yourself.","Խնդրում եմ հիշել՝ Դու արժանի ես սիրո, հատկապես ինքդ քո կողմից:"
335,Self-Acceptance,"Please remember, Let go of the need to be perfect.",Խնդրում եմ հիշել՝ Բաց թող կատարյալ լինելու կարիքը:
336,Self-Acceptance,"Please remember, You belong right here, exactly where you are.","Խնդրում եմ հիշել՝ Քո տեղը հենց այստեղ է, ճիշտ այնտեղ, որտեղ կաս:"
337,Self-Acceptance,"Please remember, You don't need to earn your worth; you are inherently valuable.","Խնդրում եմ հիշել՝ Քեզ պետք չէ վաստակել քո արժեքը, դու ի ծնե արժեքավոր ես:"
338,Self-Acceptance,"Please remember, Speak to yourself like someone you deeply love.","Խնդրում եմ հիշել՝ Խոսիր քեզ հետ այնպես, ինչպես կխոսեիր մեկի հետ, ում խորապես սիրում ես:"
339,Mental Health,"Please remember, Breathe in peace, breathe out any lingering stress.","Խնդրում եմ հիշել՝ Ներշնչիր խաղաղություն, արտաշնչիր կուտակված սթրեսը:"
340,Mental Health,"Please remember, It is completely okay to feel overwhelmed sometimes.",Խնդրում եմ հիշել՝ Լիովին նորմալ է երբեմն ծանրաբեռնված զգալը:
341,Mental Health,"Please remember, Be very gentle with your mind today.",Խնդրում եմ հիշել՝ Այսօր շատ մեղմ եղիր քո մտքերի հետ:
342,Mental Health,"Please remember, Your feelings are valid, whatever they may be.","Խնդրում եմ հիշել՝ Քո զգացմունքները կարևոր են, անկախ նրանից, թե ինչպիսին են դրանք:"
343,Mental Health,"Please remember, You don't have to have everything figured out right now.","Խնդրում եմ հիշել՝ Պարտադիր չէ, որ հիմա ամեն ինչ պարզած լինես:"
344,Mental Health,"Please remember, Protect your peace; it's okay to say no.","Խնդրում եմ հիշել՝ Պաշտպանիր քո խաղաղությունը, նորմալ է «ոչ» ասելը:"
345,Mental Health,"Please remember, Healing takes time, and you are doing your best.","Խնդրում եմ հիշել՝ Ապաքինումը ժամանակ է պահանջում, և դու անում ես առավելագույնը:"
346,Mental Health,"Please remember, Take things one day, or even one hour, at a time.","Խնդրում եմ հիշել՝ Ամեն ինչ արա օր առ օր, կամ նույնիսկ ժամ առ ժամ:"
347,Mental Health,"Please remember, You are safe right here in this moment.",Խնդրում եմ հիշել՝ Այս պահին դու ապահով ես հենց այստեղ:
348,Mental Health,"Please remember, Let your thoughts pass like clouds in the sky.",Խնդրում եմ հիշել՝ Թող մտքերդ անցնեն երկնքի ամպերի պես:
349,Mental Health,"Please remember, It takes courage to keep going, and I am proud of you.","Խնդրում եմ հիշել՝ Շարունակելու համար քաջություն է պետք, և ես հպարտանում եմ քեզանով:"
350,Mental Health,"Please remember, Release the tension you are carrying in your body.","Խնդրում եմ հիշել՝ Ազատիր այն լարվածությունը, որը կրում ես մարմնումդ:"
351,Motivation & Focus,A little thought for today: You are capable of wonderful things.,Մի փոքրիկ միտք այսօրվա համար՝ Դու ունակ ես հրաշալի բաների:
352,Motivation & Focus,A little thought for today: Take it one small step at a time.,Մի փոքրիկ միտք այսօրվա համար՝ Առաջ գնա փոքրիկ քայլերով:
353,Motivation & Focus,"A little thought for today: Focus on your progress, not perfection.","Մի փոքրիկ միտք այսօրվա համար՝ Կենտրոնացիր քո առաջընթացի, այլ ոչ թե կատարելության վրա:"
354,Motivation & Focus,A little thought for today: You have the strength to overcome this challenge.,Մի փոքրիկ միտք այսօրվա համար՝ Դու ուժ ունես հաղթահարելու այս մարտահրավերը:
355,Motivation & Focus,A little thought for today: Your efforts are building a beautiful future.,Մի փոքրիկ միտք այսօրվա համար՝ Քո ջանքերը կերտում են գեղեցիկ ապագա:
356,Motivation & Focus,A little thought for today: Trust your pace. You are not falling behind.,Մի փոքրիկ միտք այսօրվա համար՝ Վստահիր քո տեմպին: Դու հետ չես մնում:
357,Motivation & Focus,A little thought for today: Every tiny bit of effort counts.,Մի փոքրիկ միտք այսօրվա համար՝ Ամեն մի փոքրիկ ջանք հաշվի է առնվում:
358,Motivation & Focus,A little thought for today: Give yourself credit for trying your best today.,Մի փոքրիկ միտք այսօրվա համար՝ Գնահատիր ինքդ քեզ այսօր լավագույնս փորձելու համար:
359,Motivation & Focus,"A little thought for today: It is okay to pause, as long as you don't give up.","Մի փոքրիկ միտք այսօրվա համար՝ Նորմալ է դադար առնել, քանի դեռ չես հանձնվում:"
360,Motivation & Focus,A little thought for today: You bring a unique light to everything you do.,"Մի փոքրիկ միտք այսօրվա համար՝ Դու յուրահատուկ լույս ես բերում այն ամենին, ինչ անում ես:"
361,Motivation & Focus,A little thought for today: Your potential is endless.,Մի փոքրիկ միտք այսօրվա համար՝ Քո ներուժն անսահման է:
362,Motivation & Focus,"A little thought for today: Keep going, your future self will thank you.","Մի փոքրիկ միտք այսօրվա համար՝ Շարունակիր, քո ապագա եսը շնորհակալություն կհայտնի քեզ:"
363,Motivation & Focus,A little thought for today: You are planting seeds for tomorrow's success.,Մի փոքրիկ միտք այսօրվա համար՝ Դու սերմեր ես ցանում վաղվա հաջողության համար:
364,Self-Care,A little thought for today: Allow yourself a moment to rest and reset.,Մի փոքրիկ միտք այսօրվա համար՝ Թույլ տուր քեզ մի պահ հանգստանալ և վերականգնվել:
365,Self-Care,A little thought for today: Drinking a little water right now could feel really refreshing.,Մի փոքրիկ միտք այսօրվա համար՝ Հիմա մի փոքր ջուր խմելը կարող է շատ թարմացնող լինել:
366,Self-Care,"A little thought for today: Stretch softly, listen to what your body needs.","Մի փոքրիկ միտք այսօրվա համար՝ Մեղմորեն ձգվիր, լսիր, թե ինչ է պետք քո մարմնին:"
367,Self-Care,A little thought for today: Resting is just as productive as working.,"Մի փոքրիկ միտք այսօրվա համար՝ Հանգստանալը նույնքան արդյունավետ է, որքան աշխատելը:"
368,Self-Care,A little thought for today: Make sure you nourish your body with something tasty today.,"Մի փոքրիկ միտք այսօրվա համար՝ Համոզվիր, որ այսօր սնուցում ես մարմինդ որևէ համեղ բանով:"
369,Self-Care,A little thought for today: Stepping away from the screen for a minute can work wonders.,Մի փոքրիկ միտք այսօրվա համար՝ Էկրանից մեկ րոպեով կտրվելը կարող է հրաշքներ գործել:
370,Self-Care,A little thought for today: Your well-being is your most important project.,Մի փոքրիկ միտք այսօրվա համար՝ Քո բարեկեցությունը քո ամենակարևոր նախագիծն է:
371,Self-Care,A little thought for today: Let your shoulders drop and find a comfortable position.,Մի փոքրիկ միտք այսօրվա համար՝ Թուլացրու ուսերդ և գտիր հարմար դիրք:
372,Self-Care,A little thought for today: Treat yourself with the same kindness you offer friends.,"Մի փոքրիկ միտք այսօրվա համար՝ Վերաբերվիր քեզ նույն բարությամբ, որը տալիս ես ընկերներիդ:"
373,Self-Care,A little thought for today: A warm cup of tea or coffee is waiting to comfort you.,Մի փոքրիկ միտք այսօրվա համար՝ Մի գավաթ տաք թեյը կամ սուրճը սպասում է քեզ հանգստացնելու:
374,Self-Care,A little thought for today: Give your eyes a gentle break and look at something green.,Մի փոքրիկ միտք այսօրվա համար՝ Աչքերիդ մեղմ հանգիստ տուր և նայիր ինչ-որ կանաչ բանի:
375,Self-Care,A little thought for today: Do one small thing that makes you smile right now.,"Մի փոքրիկ միտք այսօրվա համար՝ Արա մի փոքրիկ բան, որն այս պահին կստիպի քեզ ժպտալ:"
376,Self-Care,"A little thought for today: Self-care isn't selfish, it's essential.","Մի փոքրիկ միտք այսօրվա համար՝ Ինքնախնամքը եսասիրություն չէ, այն անհրաժեշտություն է:"
377,Self-Acceptance,"A little thought for today: You are entirely enough, exactly as you are.","Մի փոքրիկ միտք այսօրվա համար՝ Դու լիովին բավարար ես այնպես, ինչպես կաս:"
378,Self-Acceptance,"A little thought for today: Embrace your unique journey, there is no one else like you.","Մի փոքրիկ միտք այսօրվա համար՝ Ընդունիր քո յուրահատուկ ուղին, ոչ ոք քեզ նման չէ:"
379,Self-Acceptance,A little thought for today: Your worth is not measured by your productivity.,Մի փոքրիկ միտք այսօրվա համար՝ Քո արժեքը չի չափվում քո արտադրողականությամբ:
380,Self-Acceptance,A little thought for today: It is wonderful to just be yourself.,Մի փոքրիկ միտք այսօրվա համար՝ Հրաշալի է պարզապես լինել ինքդ քեզ պես:
381,Self-Acceptance,A little thought for today: Forgive yourself for the mistakes; they help you grow.,"Մի փոքրիկ միտք այսօրվա համար՝ Ներիր քեզ սխալների համար, դրանք օգնում են քեզ աճել:"
382,Self-Acceptance,A little thought for today: Your imperfections make you beautifully human.,Մի փոքրիկ միտք այսօրվա համար՝ Քո թերությունները քեզ դարձնում են գեղեցիկ մարդկային:
383,Self-Acceptance,A little thought for today: Celebrate the person you are becoming every single day.,"Մի փոքրիկ միտք այսօրվա համար՝ Տոնիր այն մարդուն, ում վերածվում ես ամեն օր:"
384,Self-Acceptance,"A little thought for today: You are worthy of love, especially from yourself.","Մի փոքրիկ միտք այսօրվա համար՝ Դու արժանի ես սիրո, հատկապես ինքդ քո կողմից:"
385,Self-Acceptance,A little thought for today: Let go of the need to be perfect.,Մի փոքրիկ միտք այսօրվա համար՝ Բաց թող կատարյալ լինելու կարիքը:
386,Self-Acceptance,"A little thought for today: You belong right here, exactly where you are.","Մի փոքրիկ միտք այսօրվա համար՝ Քո տեղը հենց այստեղ է, ճիշտ այնտեղ, որտեղ կաս:"
387,Self-Acceptance,A little thought for today: You don't need to earn your worth; you are inherently valuable.,"Մի փոքրիկ միտք այսօրվա համար՝ Քեզ պետք չէ վաստակել քո արժեքը, դու ի ծնե արժեքավոր ես:"
388,Self-Acceptance,A little thought for today: Speak to yourself like someone you deeply love.,"Մի փոքրիկ միտք այսօրվա համար՝ Խոսիր քեզ հետ այնպես, ինչպես կխոսեիր մեկի հետ, ում խորապես սիրում ես:"
389,Mental Health,"A little thought for today: Breathe in peace, breathe out any lingering stress.","Մի փոքրիկ միտք այսօրվա համար՝ Ներշնչիր խաղաղություն, արտաշնչիր կուտակված սթրեսը:"
390,Mental Health,A little thought for today: It is completely okay to feel overwhelmed sometimes.,Մի փոքրիկ միտք այսօրվա համար՝ Լիովին նորմալ է երբեմն ծանրաբեռնված զգալը:
391,Mental Health,A little thought for today: Be very gentle with your mind today.,Մի փոքրիկ միտք այսօրվա համար՝ Այսօր շատ մեղմ եղիր քո մտքերի հետ:
392,Mental Health,"A little thought for today: Your feelings are valid, whatever they may be.","Մի փոքրիկ միտք այսօրվա համար՝ Քո զգացմունքները կարևոր են, անկախ նրանից, թե ինչպիսին են դրանք:"
393,Mental Health,A little thought for today: You don't have to have everything figured out right now.,"Մի փոքրիկ միտք այսօրվա համար՝ Պարտադիր չէ, որ հիմա ամեն ինչ պարզած լինես:"
394,Mental Health,A little thought for today: Protect your peace; it's okay to say no.,"Մի փոքրիկ միտք այսօրվա համար՝ Պաշտպանիր քո խաղաղությունը, նորմալ է «ոչ» ասելը:"
395,Mental Health,"A little thought for today: Healing takes time, and you are doing your best.","Մի փոքրիկ միտք այսօրվա համար՝ Ապաքինումը ժամանակ է պահանջում, և դու անում ես առավելագույնը:"
396,Mental Health,"A little thought for today: Take things one day, or even one hour, at a time.","Մի փոքրիկ միտք այսօրվա համար՝ Ամեն ինչ արա օր առ օր, կամ նույնիսկ ժամ առ ժամ:"
397,Mental Health,A little thought for today: You are safe right here in this moment.,Մի փոքրիկ միտք այսօրվա համար՝ Այս պահին դու ապահով ես հենց այստեղ:
398,Mental Health,A little thought for today: Let your thoughts pass like clouds in the sky.,Մի փոքրիկ միտք այսօրվա համար՝ Թող մտքերդ անցնեն երկնքի ամպերի պես:
399,Mental Health,"A little thought for today: It takes courage to keep going, and I am proud of you.","Մի փոքրիկ միտք այսօրվա համար՝ Շարունակելու համար քաջություն է պետք, և ես հպարտանում եմ քեզանով:"
400,Mental Health,A little thought for today: Release the tension you are carrying in your body.,"Մի փոքրիկ միտք այսօրվա համար՝ Ազատիր այն լարվածությունը, որը կրում ես մարմնումդ:"
401,Motivation & Focus,Take a gentle breath. You are capable of wonderful things.,Խաղաղ շունչ քաշիր: Դու ունակ ես հրաշալի բաների:
402,Motivation & Focus,Take a gentle breath. Take it one small step at a time.,Խաղաղ շունչ քաշիր: Առաջ գնա փոքրիկ քայլերով:
403,Motivation & Focus,"Take a gentle breath. Focus on your progress, not perfection.","Խաղաղ շունչ քաշիր: Կենտրոնացիր քո առաջընթացի, այլ ոչ թե կատարելության վրա:"
404,Motivation & Focus,Take a gentle breath. You have the strength to overcome this challenge.,Խաղաղ շունչ քաշիր: Դու ուժ ունես հաղթահարելու այս մարտահրավերը:
405,Motivation & Focus,Take a gentle breath. Your efforts are building a beautiful future.,Խաղաղ շունչ քաշիր: Քո ջանքերը կերտում են գեղեցիկ ապագա:
406,Motivation & Focus,Take a gentle breath. Trust your pace. You are not falling behind.,Խաղաղ շունչ քաշիր: Վստահիր քո տեմպին: Դու հետ չես մնում:
407,Motivation & Focus,Take a gentle breath. Every tiny bit of effort counts.,Խաղաղ շունչ քաշիր: Ամեն մի փոքրիկ ջանք հաշվի է առնվում:
408,Motivation & Focus,Take a gentle breath. Give yourself credit for trying your best today.,Խաղաղ շունչ քաշիր: Գնահատիր ինքդ քեզ այսօր լավագույնս փորձելու համար:
409,Motivation & Focus,"Take a gentle breath. It is okay to pause, as long as you don't give up.","Խաղաղ շունչ քաշիր: Նորմալ է դադար առնել, քանի դեռ չես հանձնվում:"
410,Motivation & Focus,Take a gentle breath. You bring a unique light to everything you do.,"Խաղաղ շունչ քաշիր: Դու յուրահատուկ լույս ես բերում այն ամենին, ինչ անում ես:"
411,Motivation & Focus,Take a gentle breath. Your potential is endless.,Խաղաղ շունչ քաշիր: Քո ներուժն անսահման է:
412,Motivation & Focus,"Take a gentle breath. Keep going, your future self will thank you.","Խաղաղ շունչ քաշիր: Շարունակիր, քո ապագա եսը շնորհակալություն կհայտնի քեզ:"
413,Motivation & Focus,Take a gentle breath. You are planting seeds for tomorrow's success.,Խաղաղ շունչ քաշիր: Դու սերմեր ես ցանում վաղվա հաջողության համար:
414,Self-Care,Take a gentle breath. Allow yourself a moment to rest and reset.,Խաղաղ շունչ քաշիր: Թույլ տուր քեզ մի պահ հանգստանալ և վերականգնվել:
415,Self-Care,Take a gentle breath. Drinking a little water right now could feel really refreshing.,Խաղաղ շունչ քաշիր: Հիմա մի փոքր ջուր խմելը կարող է շատ թարմացնող լինել:
416,Self-Care,"Take a gentle breath. Stretch softly, listen to what your body needs.","Խաղաղ շունչ քաշիր: Մեղմորեն ձգվիր, լսիր, թե ինչ է պետք քո մարմնին:"
417,Self-Care,Take a gentle breath. Resting is just as productive as working.,"Խաղաղ շունչ քաշիր: Հանգստանալը նույնքան արդյունավետ է, որքան աշխատելը:"
418,Self-Care,Take a gentle breath. Make sure you nourish your body with something tasty today.,"Խաղաղ շունչ քաշիր: Համոզվիր, որ այսօր սնուցում ես մարմինդ որևէ համեղ բանով:"
419,Self-Care,Take a gentle breath. Stepping away from the screen for a minute can work wonders.,Խաղաղ շունչ քաշիր: Էկրանից մեկ րոպեով կտրվելը կարող է հրաշքներ գործել:
420,Self-Care,Take a gentle breath. Your well-being is your most important project.,Խաղաղ շունչ քաշիր: Քո բարեկեցությունը քո ամենակարևոր նախագիծն է:
421,Self-Care,Take a gentle breath. Let your shoulders drop and find a comfortable position.,Խաղաղ շունչ քաշիր: Թուլացրու ուսերդ և գտիր հարմար դիրք:
422,Self-Care,Take a gentle breath. Treat yourself with the same kindness you offer friends.,"Խաղաղ շունչ քաշիր: Վերաբերվիր քեզ նույն բարությամբ, որը տալիս ես ընկերներիդ:"
423,Self-Care,Take a gentle breath. A warm cup of tea or coffee is waiting to comfort you.,Խաղաղ շունչ քաշիր: Մի գավաթ տաք թեյը կամ սուրճը սպասում է քեզ հանգստացնելու:
424,Self-Care,Take a gentle breath. Give your eyes a gentle break and look at something green.,Խաղաղ շունչ քաշիր: Աչքերիդ մեղմ հանգիստ տուր և նայիր ինչ-որ կանաչ բանի:
425,Self-Care,Take a gentle breath. Do one small thing that makes you smile right now.,"Խաղաղ շունչ քաշիր: Արա մի փոքրիկ բան, որն այս պահին կստիպի քեզ ժպտալ:"
426,Self-Care,"Take a gentle breath. Self-care isn't selfish, it's essential.","Խաղաղ շունչ քաշիր: Ինքնախնամքը եսասիրություն չէ, այն անհրաժեշտություն է:"
427,Self-Acceptance,"Take a gentle breath. You are entirely enough, exactly as you are.","Խաղաղ շունչ քաշիր: Դու լիովին բավարար ես այնպես, ինչպես կաս:"
428,Self-Acceptance,"Take a gentle breath. Embrace your unique journey, there is no one else like you.","Խաղաղ շունչ քաշիր: Ընդունիր քո յուրահատուկ ուղին, ոչ ոք քեզ նման չէ:"
429,Self-Acceptance,Take a gentle breath. Your worth is not measured by your productivity.,Խաղաղ շունչ քաշիր: Քո արժեքը չի չափվում քո արտադրողականությամբ:
430,Self-Acceptance,Take a gentle breath. It is wonderful to just be yourself.,Խաղաղ շունչ քաշիր: Հրաշալի է պարզապես լինել ինքդ քեզ պես:
431,Self-Acceptance,Take a gentle breath. Forgive yourself for the mistakes; they help you grow.,"Խաղաղ շունչ քաշիր: Ներիր քեզ սխալների համար, դրանք օգնում են քեզ աճել:"
432,Self-Acceptance,Take a gentle breath. Your imperfections make you beautifully human.,Խաղաղ շունչ քաշիր: Քո թերությունները քեզ դարձնում են գեղեցիկ մարդկային:
433,Self-Acceptance,Take a gentle breath. Celebrate the person you are becoming every single day.,"Խաղաղ շունչ քաշիր: Տոնիր այն մարդուն, ում վերածվում ես ամեն օր:"
434,Self-Acceptance,"Take a gentle breath. You are worthy of love, especially from yourself.","Խաղաղ շունչ քաշիր: Դու արժանի ես սիրո, հատկապես ինքդ քո կողմից:"
435,Self-Acceptance,Take a gentle breath. Let go of the need to be perfect.,Խաղաղ շունչ քաշիր: Բաց թող կատարյալ լինելու կարիքը:
436,Self-Acceptance,"Take a gentle breath. You belong right here, exactly where you are.","Խաղաղ շունչ քաշիր: Քո տեղը հենց այստեղ է, ճիշտ այնտեղ, որտեղ կաս:"
437,Self-Acceptance,Take a gentle breath. You don't need to earn your worth; you are inherently valuable.,"Խաղաղ շունչ քաշիր: Քեզ պետք չէ վաստակել քո արժեքը, դու ի ծնե արժեքավոր ես:"
438,Self-Acceptance,Take a gentle breath. Speak to yourself like someone you deeply love.,"Խաղաղ շունչ քաշիր: Խոսիր քեզ հետ այնպես, ինչպես կխոսեիր մեկի հետ, ում խորապես սիրում ես:"
439,Mental Health,"Take a gentle breath. Breathe in peace, breathe out any lingering stress.","Խաղաղ շունչ քաշիր: Ներշնչիր խաղաղություն, արտաշնչիր կուտակված սթրեսը:"
440,Mental Health,Take a gentle breath. It is completely okay to feel overwhelmed sometimes.,Խաղաղ շունչ քաշիր: Լիովին նորմալ է երբեմն ծանրաբեռնված զգալը:
441,Mental Health,Take a gentle breath. Be very gentle with your mind today.,Խաղաղ շունչ քաշիր: Այսօր շատ մեղմ եղիր քո մտքերի հետ:
442,Mental Health,"Take a gentle breath. Your feelings are valid, whatever they may be.","Խաղաղ շունչ քաշիր: Քո զգացմունքները կարևոր են, անկախ նրանից, թե ինչպիսին են դրանք:"
443,Mental Health,Take a gentle breath. You don't have to have everything figured out right now.,"Խաղաղ շունչ քաշիր: Պարտադիր չէ, որ հիմա ամեն ինչ պարզած լինես:"
444,Mental Health,Take a gentle breath. Protect your peace; it's okay to say no.,"Խաղաղ շունչ քաշիր: Պաշտպանիր քո խաղաղությունը, նորմալ է «ոչ» ասելը:"
445,Mental Health,"Take a gentle breath. Healing takes time, and you are doing your best.","Խաղաղ շունչ քաշիր: Ապաքինումը ժամանակ է պահանջում, և դու անում ես առավելագույնը:"
446,Mental Health,"Take a gentle breath. Take things one day, or even one hour, at a time.","Խաղաղ շունչ քաշիր: Ամեն ինչ արա օր առ օր, կամ նույնիսկ ժամ առ ժամ:"
447,Mental Health,Take a gentle breath. You are safe right here in this moment.,Խաղաղ շունչ քաշիր: Այս պահին դու ապահով ես հենց այստեղ:
448,Mental Health,Take a gentle breath. Let your thoughts pass like clouds in the sky.,Խաղաղ շունչ քաշիր: Թող մտքերդ անցնեն երկնքի ամպերի պես:
449,Mental Health,"Take a gentle breath. It takes courage to keep going, and I am proud of you.","Խաղաղ շունչ քաշիր: Շարունակելու համար քաջություն է պետք, և ես հպարտանում եմ քեզանով:"
450,Mental Health,Take a gentle breath. Release the tension you are carrying in your body.,"Խաղաղ շունչ քաշիր: Ազատիր այն լարվածությունը, որը կրում ես մարմնումդ:"
451,Motivation & Focus,Sending good vibes: You are capable of wonderful things.,Դրական էներգիա եմ ուղարկում. Դու ունակ ես հրաշալի բաների:
452,Motivation & Focus,Sending good vibes: Take it one small step at a time.,Դրական էներգիա եմ ուղարկում. Առաջ գնա փոքրիկ քայլերով:
453,Motivation & Focus,"Sending good vibes: Focus on your progress, not perfection.","Դրական էներգիա եմ ուղարկում. Կենտրոնացիր քո առաջընթացի, այլ ոչ թե կատարելության վրա:"
454,Motivation & Focus,Sending good vibes: You have the strength to overcome this challenge.,Դրական էներգիա եմ ուղարկում. Դու ուժ ունես հաղթահարելու այս մարտահրավերը:
455,Motivation & Focus,Sending good vibes: Your efforts are building a beautiful future.,Դրական էներգիա եմ ուղարկում. Քո ջանքերը կերտում են գեղեցիկ ապագա:
456,Motivation & Focus,Sending good vibes: Trust your pace. You are not falling behind.,Դրական էներգիա եմ ուղարկում. Վստահիր քո տեմպին: Դու հետ չես մնում:
457,Motivation & Focus,Sending good vibes: Every tiny bit of effort counts.,Դրական էներգիա եմ ուղարկում. Ամեն մի փոքրիկ ջանք հաշվի է առնվում:
458,Motivation & Focus,Sending good vibes: Give yourself credit for trying your best today.,Դրական էներգիա եմ ուղարկում. Գնահատիր ինքդ քեզ այսօր լավագույնս փորձելու համար:
459,Motivation & Focus,"Sending good vibes: It is okay to pause, as long as you don't give up.","Դրական էներգիա եմ ուղարկում. Նորմալ է դադար առնել, քանի դեռ չես հանձնվում:"
460,Motivation & Focus,Sending good vibes: You bring a unique light to everything you do.,"Դրական էներգիա եմ ուղարկում. Դու յուրահատուկ լույս ես բերում այն ամենին, ինչ անում ես:"
461,Motivation & Focus,Sending good vibes: Your potential is endless.,Դրական էներգիա եմ ուղարկում. Քո ներուժն անսահման է:
462,Motivation & Focus,"Sending good vibes: Keep going, your future self will thank you.","Դրական էներգիա եմ ուղարկում. Շարունակիր, քո ապագա եսը շնորհակալություն կհայտնի քեզ:"
463,Motivation & Focus,Sending good vibes: You are planting seeds for tomorrow's success.,Դրական էներգիա եմ ուղարկում. Դու սերմեր ես ցանում վաղվա հաջողության համար:
464,Self-Care,Sending good vibes: Allow yourself a moment to rest and reset.,Դրական էներգիա եմ ուղարկում. Թույլ տուր քեզ մի պահ հանգստանալ և վերականգնվել:
465,Self-Care,Sending good vibes: Drinking a little water right now could feel really refreshing.,Դրական էներգիա եմ ուղարկում. Հիմա մի փոքր ջուր խմելը կարող է շատ թարմացնող լինել:
466,Self-Care,"Sending good vibes: Stretch softly, listen to what your body needs.","Դրական էներգիա եմ ուղարկում. Մեղմորեն ձգվիր, լսիր, թե ինչ է պետք քո մարմնին:"
467,Self-Care,Sending good vibes: Resting is just as productive as working.,"Դրական էներգիա եմ ուղարկում. Հանգստանալը նույնքան արդյունավետ է, որքան աշխատելը:"
468,Self-Care,Sending good vibes: Make sure you nourish your body with something tasty today.,"Դրական էներգիա եմ ուղարկում. Համոզվիր, որ այսօր սնուցում ես մարմինդ որևէ համեղ բանով:"
469,Self-Care,Sending good vibes: Stepping away from the screen for a minute can work wonders.,Դրական էներգիա եմ ուղարկում. Էկրանից մեկ րոպեով կտրվելը կարող է հրաշքներ գործել:
470,Self-Care,Sending good vibes: Your well-being is your most important project.,Դրական էներգիա եմ ուղարկում. Քո բարեկեցությունը քո ամենակարևոր նախագիծն է:
471,Self-Care,Sending good vibes: Let your shoulders drop and find a comfortable position.,Դրական էներգիա եմ ուղարկում. Թուլացրու ուսերդ և գտիր հարմար դիրք:
472,Self-Care,Sending good vibes: Treat yourself with the same kindness you offer friends.,"Դրական էներգիա եմ ուղարկում. Վերաբերվիր քեզ նույն բարությամբ, որը տալիս ես ընկերներիդ:"
473,Self-Care,Sending good vibes: A warm cup of tea or coffee is waiting to comfort you.,Դրական էներգիա եմ ուղարկում. Մի գավաթ տաք թեյը կամ սուրճը սպասում է քեզ հանգստացնելու:
474,Self-Care,Sending good vibes: Give your eyes a gentle break and look at something green.,Դրական էներգիա եմ ուղարկում. Աչքերիդ մեղմ հանգիստ տուր և նայիր ինչ-որ կանաչ բանի:
475,Self-Care,Sending good vibes: Do one small thing that makes you smile right now.,"Դրական էներգիա եմ ուղարկում. Արա մի փոքրիկ բան, որն այս պահին կստիպի քեզ ժպտալ:"
476,Self-Care,"Sending good vibes: Self-care isn't selfish, it's essential.","Դրական էներգիա եմ ուղարկում. Ինքնախնամքը եսասիրություն չէ, այն անհրաժեշտություն է:"
477,Self-Acceptance,"Sending good vibes: You are entirely enough, exactly as you are.","Դրական էներգիա եմ ուղարկում. Դու լիովին բավարար ես այնպես, ինչպես կաս:"
478,Self-Acceptance,"Sending good vibes: Embrace your unique journey, there is no one else like you.","Դրական էներգիա եմ ուղարկում. Ընդունիր քո յուրահատուկ ուղին, ոչ ոք քեզ նման չէ:"
479,Self-Acceptance,Sending good vibes: Your worth is not measured by your productivity.,Դրական էներգիա եմ ուղարկում. Քո արժեքը չի չափվում քո արտադրողականությամբ:
480,Self-Acceptance,Sending good vibes: It is wonderful to just be yourself.,Դրական էներգիա եմ ուղարկում. Հրաշալի է պարզապես լինել ինքդ քեզ պես:
481,Self-Acceptance,Sending good vibes: Forgive yourself for the mistakes; they help you grow.,"Դրական էներգիա եմ ուղարկում. Ներիր քեզ սխալների համար, դրանք օգնում են քեզ աճել:"
482,Self-Acceptance,Sending good vibes: Your imperfections make you beautifully human.,Դրական էներգիա եմ ուղարկում. Քո թերությունները քեզ դարձնում են գեղեցիկ մարդկային:
483,Self-Acceptance,Sending good vibes: Celebrate the person you are becoming every single day.,"Դրական էներգիա եմ ուղարկում. Տոնիր այն մարդուն, ում վերածվում ես ամեն օր:"
484,Self-Acceptance,"Sending good vibes: You are worthy of love, especially from yourself.","Դրական էներգիա եմ ուղարկում. Դու արժանի ես սիրո, հատկապես ինքդ քո կողմից:"
485,Self-Acceptance,Sending good vibes: Let go of the need to be perfect.,Դրական էներգիա եմ ուղարկում. Բաց թող կատարյալ լինելու կարիքը:
486,Self-Acceptance,"Sending good vibes: You belong right here, exactly where you are.","Դրական էներգիա եմ ուղարկում. Քո տեղը հենց այստեղ է, ճիշտ այնտեղ, որտեղ կաս:"
487,Self-Acceptance,Sending good vibes: You don't need to earn your worth; you are inherently valuable.,"Դրական էներգիա եմ ուղարկում. Քեզ պետք չէ վաստակել քո արժեքը, դու ի ծնե արժեքավոր ես:"
488,Self-Acceptance,Sending good vibes: Speak to yourself like someone you deeply love.,"Դրական էներգիա եմ ուղարկում. Խոսիր քեզ հետ այնպես, ինչպես կխոսեիր մեկի հետ, ում խորապես սիրում ես:"
489,Mental Health,"Sending good vibes: Breathe in peace, breathe out any lingering stress.","Դրական էներգիա եմ ուղարկում. Ներշնչիր խաղաղություն, արտաշնչիր կուտակված սթրեսը:"
490,Mental Health,Sending good vibes: It is completely okay to feel overwhelmed sometimes.,Դրական էներգիա եմ ուղարկում. Լիովին նորմալ է երբեմն ծանրաբեռնված զգալը:
491,Mental Health,Sending good vibes: Be very gentle with your mind today.,Դրական էներգիա եմ ուղարկում. Այսօր շատ մեղմ եղիր քո մտքերի հետ:
492,Mental Health,"Sending good vibes: Your feelings are valid, whatever they may be.","Դրական էներգիա եմ ուղարկում. Քո զգացմունքները կարևոր են, անկախ նրանից, թե ինչպիսին են դրանք:"
493,Mental Health,Sending good vibes: You don't have to have everything figured out right now.,"Դրական էներգիա եմ ուղարկում. Պարտադիր չէ, որ հիմա ամեն ինչ պարզած լինես:"
494,Mental Health,Sending good vibes: Protect your peace; it's okay to say no.,"Դրական էներգիա եմ ուղարկում. Պաշտպանիր քո խաղաղությունը, նորմալ է «ոչ» ասելը:"
495,Mental Health,"Sending good vibes: Healing takes time, and you are doing your best.","Դրական էներգիա եմ ուղարկում. Ապաքինումը ժամանակ է պահանջում, և դու անում ես առավելագույնը:"
496,Mental Health,"Sending good vibes: Take things one day, or even one hour, at a time.","Դրական էներգիա եմ ուղարկում. Ամեն ինչ արա օր առ օր, կամ նույնիսկ ժամ առ ժամ:"
497,Mental Health,Sending good vibes: You are safe right here in this moment.,Դրական էներգիա եմ ուղարկում. Այս պահին դու ապահով ես հենց այստեղ:
498,Mental Health,Sending good vibes: Let your thoughts pass like clouds in the sky.,Դրական էներգիա եմ ուղարկում. Թող մտքերդ անցնեն երկնքի ամպերի պես:
499,Mental Health,"Sending good vibes: It takes courage to keep going, and I am proud of you.","Դրական էներգիա եմ ուղարկում. Շարունակելու համար քաջություն է պետք, և ես հպարտանում եմ քեզանով:"
500,Mental Health,Sending good vibes: Release the tension you are carrying in your body.,"Դրական էներգիա եմ ուղարկում. Ազատիր այն լարվածությունը, որը կրում ես մարմնումդ:"